{
    "type": "SHELL",
    "vertices": [
        {
            "type": "VERTEX",
            "ID": 1,
            "prev_ID": null,
            "next_ID": 2,
            "he_ID": 8,
            "point": [
                0.0,
                10.0
            ],
            "attributes": {
                "att_names": []
            }
        },
        {
            "type": "VERTEX",
            "ID": 2,
            "prev_ID": 1,
            "next_ID": 3,
            "he_ID": 3,
            "point": [
                0.0,
                5.0
            ],
            "attributes": {
                "att_names": [
                    "sup_1"
                ]
            }
        },
        {
            "type": "VERTEX",
            "ID": 3,
            "prev_ID": 2,
            "next_ID": 4,
            "he_ID": 2,
            "point": [
                5.0,
                5.0
            ],
            "attributes": {
                "att_names": []
            }
        },
        {
            "type": "VERTEX",
            "ID": 4,
            "prev_ID": 3,
            "next_ID": 5,
            "he_ID": 14,
            "point": [
                5.0,
                10.0
            ],
            "attributes": {
                "att_names": []
            }
        },
        {
            "type": "VERTEX",
            "ID": 5,
            "prev_ID": 4,
            "next_ID": 6,
            "he_ID": 13,
            "point": [
                10.0,
                10.0
            ],
            "attributes": {
                "att_names": [
                    "concentrated_load_1"
                ]
            }
        },
        {
            "type": "VERTEX",
            "ID": 6,
            "prev_ID": 5,
            "next_ID": null,
            "he_ID": 12,
            "point": [
                10.0,
                5.0
            ],
            "attributes": {
                "att_names": [
                    "sup_2"
                ]
            }
        }
    ],
    "edges": [
        {
            "type": "EDGE",
            "ID": 1,
            "prev_ID": null,
            "next_ID": 2,
            "he1_ID": 8,
            "he2_ID": 3,
            "segment_type": "LINE",
            "points": [
                [
                    0.0,
                    10.0
                ],
                [
                    0.0,
                    5.0
                ]
            ],
            "attributes": {
                "nsudv": null,
                "att_names": []
            }
        },
        {
            "type": "EDGE",
            "ID": 2,
            "prev_ID": 1,
            "next_ID": 3,
            "he1_ID": 9,
            "he2_ID": 2,
            "segment_type": "LINE",
            "points": [
                [
                    0.0,
                    5.0
                ],
                [
                    5.0,
                    5.0
                ]
            ],
            "attributes": {
                "nsudv": null,
                "att_names": []
            }
        },
        {
            "type": "EDGE",
            "ID": 3,
            "prev_ID": 2,
            "next_ID": 4,
            "he1_ID": 10,
            "he2_ID": 14,
            "segment_type": "LINE",
            "points": [
                [
                    5.0,
                    5.0
                ],
                [
                    5.0,
                    10.0
                ]
            ],
            "attributes": {
                "nsudv": null,
                "att_names": []
            }
        },
        {
            "type": "EDGE",
            "ID": 4,
            "prev_ID": 3,
            "next_ID": 5,
            "he1_ID": 7,
            "he2_ID": 4,
            "segment_type": "LINE",
            "points": [
                [
                    5.0,
                    10.0
                ],
                [
                    0.0,
                    10.0
                ]
            ],
            "attributes": {
                "nsudv": null,
                "att_names": [
                    "Uniform_load_1"
                ]
            }
        },
        {
            "type": "EDGE",
            "ID": 5,
            "prev_ID": 4,
            "next_ID": 6,
            "he1_ID": 5,
            "he2_ID": 13,
            "segment_type": "LINE",
            "points": [
                [
                    5.0,
                    10.0
                ],
                [
                    10.0,
                    10.0
                ]
            ],
            "attributes": {
                "nsudv": null,
                "att_names": [
                    "Uniform_load_1"
                ]
            }
        },
        {
            "type": "EDGE",
            "ID": 6,
            "prev_ID": 5,
            "next_ID": 7,
            "he1_ID": 6,
            "he2_ID": 12,
            "segment_type": "LINE",
            "points": [
                [
                    10.0,
                    10.0
                ],
                [
                    10.0,
                    5.0
                ]
            ],
            "attributes": {
                "nsudv": null,
                "att_names": []
            }
        },
        {
            "type": "EDGE",
            "ID": 7,
            "prev_ID": 6,
            "next_ID": null,
            "he1_ID": 1,
            "he2_ID": 11,
            "segment_type": "LINE",
            "points": [
                [
                    10.0,
                    5.0
                ],
                [
                    5.0,
                    5.0
                ]
            ],
            "attributes": {
                "nsudv": null,
                "att_names": []
            }
        }
    ],
    "faces": [
        {
            "type": "FACE",
            "ID": 0,
            "prev_ID": null,
            "next_ID": 2,
            "loop": {
                "type": "LOOP",
                "ID": 1,
                "prev_ID": null,
                "next_ID": 2,
                "face_ID": 0,
                "he_loop": null,
                "isClosed": false
            },
            "intLoops": [
                {
                    "type": "LOOP",
                    "ID": 2,
                    "prev_ID": 1,
                    "next_ID": null,
                    "face_ID": 0,
                    "he_loop": [
                        {
                            "type": "HALF-EDGE",
                            "ID": 1,
                            "prev_ID": 6,
                            "next_ID": 2,
                            "vertex_ID": 6,
                            "edge_ID": 7,
                            "loop_ID": 2
                        },
                        {
                            "type": "HALF-EDGE",
                            "ID": 2,
                            "prev_ID": 1,
                            "next_ID": 3,
                            "vertex_ID": 3,
                            "edge_ID": 2,
                            "loop_ID": 2
                        },
                        {
                            "type": "HALF-EDGE",
                            "ID": 3,
                            "prev_ID": 2,
                            "next_ID": 4,
                            "vertex_ID": 2,
                            "edge_ID": 1,
                            "loop_ID": 2
                        },
                        {
                            "type": "HALF-EDGE",
                            "ID": 4,
                            "prev_ID": 3,
                            "next_ID": 5,
                            "vertex_ID": 1,
                            "edge_ID": 4,
                            "loop_ID": 2
                        },
                        {
                            "type": "HALF-EDGE",
                            "ID": 5,
                            "prev_ID": 4,
                            "next_ID": 6,
                            "vertex_ID": 4,
                            "edge_ID": 5,
                            "loop_ID": 2
                        },
                        {
                            "type": "HALF-EDGE",
                            "ID": 6,
                            "prev_ID": 5,
                            "next_ID": 1,
                            "vertex_ID": 5,
                            "edge_ID": 6,
                            "loop_ID": 2
                        }
                    ],
                    "isClosed": false
                }
            ],
            "attributes": {
                "isDeleted": false,
                "mesh": null,
                "att_names": []
            }
        },
        {
            "type": "FACE",
            "ID": 1,
            "prev_ID": 2,
            "next_ID": null,
            "loop": {
                "type": "LOOP",
                "ID": 3,
                "prev_ID": null,
                "next_ID": null,
                "face_ID": 1,
                "he_loop": [
                    {
                        "type": "HALF-EDGE",
                        "ID": 7,
                        "prev_ID": 10,
                        "next_ID": 8,
                        "vertex_ID": 4,
                        "edge_ID": 4,
                        "loop_ID": 3
                    },
                    {
                        "type": "HALF-EDGE",
                        "ID": 8,
                        "prev_ID": 7,
                        "next_ID": 9,
                        "vertex_ID": 1,
                        "edge_ID": 1,
                        "loop_ID": 3
                    },
                    {
                        "type": "HALF-EDGE",
                        "ID": 9,
                        "prev_ID": 8,
                        "next_ID": 10,
                        "vertex_ID": 2,
                        "edge_ID": 2,
                        "loop_ID": 3
                    },
                    {
                        "type": "HALF-EDGE",
                        "ID": 10,
                        "prev_ID": 9,
                        "next_ID": 7,
                        "vertex_ID": 3,
                        "edge_ID": 3,
                        "loop_ID": 3
                    }
                ],
                "isClosed": true
            },
            "intLoops": [],
            "attributes": {
                "isDeleted": false,
                "mesh": null,
                "att_names": [
                    "material_1"
                ]
            }
        },
        {
            "type": "FACE",
            "ID": 2,
            "prev_ID": 0,
            "next_ID": 1,
            "loop": {
                "type": "LOOP",
                "ID": 4,
                "prev_ID": null,
                "next_ID": null,
                "face_ID": 2,
                "he_loop": [
                    {
                        "type": "HALF-EDGE",
                        "ID": 11,
                        "prev_ID": 14,
                        "next_ID": 12,
                        "vertex_ID": 3,
                        "edge_ID": 7,
                        "loop_ID": 4
                    },
                    {
                        "type": "HALF-EDGE",
                        "ID": 12,
                        "prev_ID": 11,
                        "next_ID": 13,
                        "vertex_ID": 6,
                        "edge_ID": 6,
                        "loop_ID": 4
                    },
                    {
                        "type": "HALF-EDGE",
                        "ID": 13,
                        "prev_ID": 12,
                        "next_ID": 14,
                        "vertex_ID": 5,
                        "edge_ID": 5,
                        "loop_ID": 4
                    },
                    {
                        "type": "HALF-EDGE",
                        "ID": 14,
                        "prev_ID": 13,
                        "next_ID": 11,
                        "vertex_ID": 4,
                        "edge_ID": 3,
                        "loop_ID": 4
                    }
                ],
                "isClosed": true
            },
            "intLoops": [],
            "attributes": {
                "isDeleted": false,
                "mesh": null,
                "att_names": [
                    "material_2"
                ]
            }
        }
    ],
    "attributes_list": [
        {
            "type": "Material",
            "symbol": "Material",
            "name": "material_1",
            "properties": {
                "YoungsModulus": 1000.0,
                "PoisonsRatio": 0.25,
                "Thickness": 1.0,
                "Color": [
                    0.36,
                    0.5,
                    0.73
                ]
            },
            "applyOnVertex": false,
            "applyOnEdge": false,
            "applyOnFace": true,
            "properties_type": [
                "float",
                "float",
                "float",
                "color"
            ]
        },
        {
            "type": "Material",
            "symbol": "Material",
            "name": "material_2",
            "properties": {
                "YoungsModulus": 2000.0,
                "PoisonsRatio": 0.3,
                "Thickness": 2.0,
                "Color": [
                    0.8,
                    0.7,
                    0.64
                ]
            },
            "applyOnVertex": false,
            "applyOnEdge": false,
            "applyOnFace": true,
            "properties_type": [
                "float",
                "float",
                "float",
                "color"
            ]
        },
        {
            "type": "Support Conditions",
            "symbol": "Support",
            "name": "sup_1",
            "properties": {
                "Dx": true,
                "Dx pos": {
                    "list": [
                        "Left",
                        "Right"
                    ],
                    "index": 0
                },
                "Dx value": 0.0,
                "Dy": true,
                "Dy pos": {
                    "list": [
                        "Down",
                        "Up"
                    ],
                    "index": 0
                },
                "Dy value": 0.0,
                "Rz": false,
                "Rz value": 0.0,
                "Color": [
                    0,
                    0,
                    0
                ]
            },
            "applyOnVertex": true,
            "applyOnEdge": true,
            "applyOnFace": false,
            "properties_type": [
                "bool",
                "options",
                "float",
                "bool",
                "options",
                "float",
                "bool",
                "float",
                "color"
            ]
        },
        {
            "type": "Support Conditions",
            "symbol": "Support",
            "name": "sup_2",
            "properties": {
                "Dx": false,
                "Dx pos": {
                    "list": [
                        "Left",
                        "Right"
                    ],
                    "index": 0
                },
                "Dx value": 0.0,
                "Dy": true,
                "Dy pos": {
                    "list": [
                        "Down",
                        "Up"
                    ],
                    "index": 0
                },
                "Dy value": 0.0,
                "Rz": false,
                "Rz value": 0.0,
                "Color": [
                    0,
                    0,
                    0
                ]
            },
            "applyOnVertex": true,
            "applyOnEdge": true,
            "applyOnFace": false,
            "properties_type": [
                "bool",
                "options",
                "float",
                "bool",
                "options",
                "float",
                "bool",
                "float",
                "color"
            ]
        },
        {
            "type": "Uniform Load",
            "symbol": "Arrow",
            "name": "Uniform_load_1",
            "properties": {
                "Qx": 0.0,
                "Qy": -10.0,
                "Direction": {
                    "list": [
                        "Global",
                        "Local"
                    ],
                    "index": 0
                },
                "Color": [
                    1.0,
                    0,
                    0
                ]
            },
            "applyOnVertex": false,
            "applyOnEdge": true,
            "applyOnFace": false,
            "properties_type": [
                "float",
                "float",
                "options",
                "color"
            ]
        },
        {
            "type": "Concentrated Load",
            "symbol": "Arrow",
            "name": "concentrated_load_1",
            "properties": {
                "Fx": -10.0,
                "Fy": 0.0,
                "Mz": 0.0,
                "Color": [
                    0,
                    1.0,
                    0
                ]
            },
            "applyOnVertex": true,
            "applyOnEdge": false,
            "applyOnFace": false,
            "properties_type": [
                "float",
                "float",
                "float",
                "color"
            ]
        }
    ]
}